"","player","salary","position","height","weight","G","FG","FGA","FT","FTA","TRB","AST","STL","BLK","TOV","PF","PTS","Team"
"1","Aaron Brooks",2e+06,"PG",73,161,10,34,77,5,6,24,23,3,2,8,19,85,"CHI"
"2","Aaron Gordon",4171680,"PF",81,220,14,43,94,28,41,71,19,9,17,15,34,119,"ORL"
"3","Aaron Harrison",525093,"G",78,210,1,0,0,0,0,1,0,0,0,0,0,0,"CHO"
"4","Adreian Payne",1938840,"PF",82,237,9,16,32,3,4,26,5,3,2,12,21,38,"MIN"
"5","Al-Farouq Aminu",7500000,"SF",81,215,16,67,172,36,47,122,29,9,15,31,42,195,"POR"
"6","Al Horford",1.2e+07,"C",82,245,16,110,218,21,23,111,50,11,27,25,23,261,"ATL"
"7","Al Jefferson",13833333,"C",82,289,14,94,184,19,32,90,28,11,17,12,35,207,"CHO"
"8","Alec Burks",9213484,"SG",78,214,13,64,156,56,67,47,28,12,2,26,36,198,"UTA"
"9","Alex Len",3807120,"C",85,260,14,28,60,21,31,63,4,6,8,18,24,77,"PHO"
"10","Alexis Ajinca",4300000,"C",86,248,13,29,56,7,7,51,4,4,7,9,29,65,"NOP"
"11","Allen Crabbe",947276,"SG",78,210,16,53,110,11,13,34,17,11,2,12,42,132,"POR"
"12","Alonzo Gee",1375000,"SF",78,225,14,22,48,3,3,48,11,17,3,15,36,49,"NOP"
"13","Amar'e Stoudemire",1499187,"C",82,245,2,5,7,2,2,4,1,0,0,1,2,12,"MIA"
"14","Amir Johnson",1.2e+07,"PF",81,240,14,43,77,15,24,73,21,11,15,20,32,104,"BOS"
"15","Anderson Varejao",9638554,"C",82,273,12,14,29,6,9,35,5,2,2,6,10,34,"CLE"
"16","Andre Drummond",3272091,"C",83,279,14,107,199,40,91,247,12,24,19,35,48,254,"DET"
"17","Andre Iguodala",11710456,"SG",78,207,16,58,108,10,18,74,67,23,3,17,29,146,"GSW"
"18","Andre Miller",1499187,"PG",75,200,7,13,23,3,4,11,23,6,0,10,15,29,"MIN"
"19","Andre Roberson",1210800,"SG",79,210,14,28,63,7,12,44,11,9,8,5,29,72,"OKC"
"20","Andrea Bargnani",1362900,"C",85,245,14,34,83,12,13,26,2,1,3,10,24,82,"BRK"
"21","Andrew Bogut",1.2e+07,"C",85,260,10,33,49,5,10,69,24,6,17,13,32,71,"GSW"
"22","Andrew Nicholson",2380594,"PF",81,250,5,11,28,3,3,18,1,1,1,3,9,30,"ORL"
"23","Andrew Wiggins",5758680,"SG",80,199,13,101,233,78,104,47,26,8,9,28,23,290,"MIN"
"24","Anthony Bennett",3650000,"PF",80,245,7,1,9,7,8,12,0,3,0,4,6,9,"TOR"
"25","Anthony Bennett",947276,"PF",80,245,7,1,9,7,8,12,0,3,0,4,6,9,"TOR"
"26","Anthony Brown",7e+05,"SF",79,210,3,1,2,2,2,0,0,1,0,0,0,5,"LAL"
"27","Anthony Davis",7070730,"PF",82,253,11,92,196,64,85,113,22,12,28,26,31,256,"NOP"
"28","Anthony Morrow",3344000,"SG",77,210,14,29,70,2,2,17,6,10,1,6,12,76,"OKC"
"29","Anthony Tolliver",3e+06,"PF",80,240,13,16,57,5,9,36,9,6,3,3,22,50,"DET"
"30","Archie Goodwin",1160160,"SG",77,200,10,13,29,14,24,20,7,1,1,10,4,42,"PHO"
"31","Aron Baynes",6500000,"C",82,260,14,24,48,11,15,53,6,4,4,10,20,59,"DET"
"32","Arron Afflalo",8e+06,"SG",77,210,7,37,87,3,5,26,15,0,0,7,15,87,"NYK"
"33","Austin Rivers",3100000,"SG",76,200,14,46,109,17,30,24,14,13,3,11,31,119,"LAC"
"34","Avery Bradley",7730337,"SG",74,180,12,74,156,13,19,35,26,19,3,17,26,190,"BOS"
"35","Ben McLemore",3156600,"SG",77,195,15,42,97,15,19,25,18,9,1,24,33,115,"SAC"
"36","Beno Udrih",2170465,"PG",75,205,2,2,4,0,0,4,1,0,0,2,0,4,"MIA"
"37","Beno Udrih",2170465,"PG",75,205,8,20,46,3,3,9,26,3,1,11,11,47,"MEM"
"38","Bismack Biyombo",3e+06,"C",81,245,15,22,52,23,31,95,3,2,13,11,41,67,"TOR"
"39","Blake Griffin",18907725,"PF",82,251,14,138,260,62,83,119,63,12,7,30,43,341,"LAC"
"40","Boban Marjanovic",1200000,"C",87,290,7,6,11,3,6,8,1,0,1,4,5,15,"SAS"
"41","Bobby Portis",1391160,"PF",83,230,2,6,10,0,0,2,1,1,1,2,2,12,"CHI"
"42","Bojan Bogdanovic",3425510,"SF",80,216,14,53,121,14,20,42,13,10,0,22,17,133,"BRK"
"43","Boris Diaw",7e+06,"PF",80,250,14,30,64,8,11,40,43,6,5,15,19,72,"SAS"
"44","Bradley Beal",5694674,"SG",77,207,8,64,137,17,24,34,19,9,2,22,19,163,"WAS"
"45","Brandan Wright",5500000,"PF",82,210,7,18,30,10,18,24,4,1,10,4,9,46,"MEM"
"46","Brandon Bass",3e+06,"PF",80,250,13,27,53,15,18,59,11,4,7,13,23,69,"LAL"
"47","Brandon Knight",1.2e+07,"SG",75,189,14,108,245,47,55,63,75,20,7,52,31,300,"PHO"
"48","Brandon Rush",1270964,"SG",78,210,8,7,20,2,4,18,4,2,1,3,1,20,"GSW"
"49","Brian Roberts",2854940,"PG",73,173,7,6,17,2,3,4,5,0,0,1,2,14,"CHO"
"50","Brook Lopez",2e+07,"C",85,275,14,107,223,62,75,117,20,4,29,28,40,276,"BRK"
"51","Bruno Caboclo",1524000,"SF",81,205,1,0,1,0,0,0,0,0,0,0,0,0,"TOR"
"52","C.J. McCollum",2525160,"SG",76,200,16,121,270,45,51,56,51,15,6,35,38,319,"POR"
"53","C.J. Miles",4394225,"SF",78,231,11,57,124,27,33,22,16,18,3,20,23,175,"IND"
"54","C.J. Watson",5e+06,"PG",74,175,8,14,38,5,7,16,25,8,0,6,10,38,"ORL"
"55","Cameron Bairstow",845059,"C",81,250,2,1,4,0,0,3,0,0,0,0,3,2,"CHI"
"56","Cameron Payne",2021520,"PG",75,185,8,3,12,0,0,3,7,1,0,3,6,7,"OKC"
"57","Carmelo Anthony",22875000,"SF",80,240,15,117,285,79,90,109,50,15,9,33,40,337,"NYK"
"58","Caron Butler",1499187,"SF",79,228,7,9,23,1,2,9,2,4,0,2,4,20,"SAC"
"59","Chandler Parsons",15361500,"SF",81,227,11,37,77,4,13,34,10,4,4,12,14,86,"DAL"
"60","Channing Frye",7807579,"C",83,255,9,21,43,3,4,31,4,1,2,4,13,59,"ORL"
"61","Charlie Villanueva",1499187,"PF",83,232,13,35,86,3,4,40,7,1,5,6,20,86,"DAL"
"62","Chase Budinger",5e+06,"SF",79,209,14,27,61,9,14,31,20,8,5,9,16,76,"IND"
"63","Chris Andersen",5e+06,"C",82,245,2,1,1,1,2,4,0,0,0,2,1,3,"MIA"
"64","Chris Bosh",22192730,"PF",83,235,13,76,175,60,74,122,21,11,15,13,20,233,"MIA"
"65","Chris Copeland",1100000,"PF",81,239,11,13,36,4,5,6,6,2,0,3,10,37,"MIL"
"66","Chris Johnson",981348,"SF",78,206,10,6,17,2,4,9,2,1,0,2,6,18,"UTA"
"67","Chris Kaman",5e+06,"C",85,265,3,5,15,0,0,8,4,0,0,3,5,10,"POR"
"68","Chris Paul",21468696,"PG",73,175,11,64,144,42,50,38,93,18,0,27,29,184,"LAC"
"69","Christian Wood",525093,"PF",83,220,11,16,38,8,11,28,3,4,5,2,9,43,"PHI"
"70","Cleanthony Early",845059,"SF",80,210,5,3,4,0,0,2,1,1,0,0,2,7,"NYK"
"71","Cliff Alexander",525093,"PF",80,240,4,4,9,0,0,6,0,0,2,0,0,8,"POR"
"72","Clint Capela",1242720,"C",82,240,14,45,62,15,31,93,7,9,19,10,30,105,"HOU"
"73","Cody Zeller",4204200,"C",85,240,12,27,62,28,43,64,9,10,7,9,26,82,"CHO"
"74","Cole Aldrich",1100600,"C",83,250,4,2,3,0,0,4,0,0,0,1,3,4,"LAC"
"75","Corey Brewer",8200000,"SF",81,186,14,33,109,19,27,35,19,13,3,11,31,93,"HOU"
"76","Cory Jefferson",845059,"PF",81,218,1,1,3,0,2,2,0,0,0,0,1,2,"PHO"
"77","Cory Joseph",7e+06,"PG",75,190,15,52,100,35,42,42,47,11,3,15,23,143,"TOR"
"78","Courtney Lee",5675000,"SG",77,200,15,44,123,29,31,44,17,19,5,13,25,126,"MEM"
"79","Cristiano Felicio",525090,"C",82,275,1,0,0,0,0,0,1,0,0,0,0,0,"CHI"
"80","D'Angelo Russell",5103120,"PG",77,195,14,57,141,11,15,62,40,14,4,23,21,143,"LAL"
"81","D.J. Augustin",3e+06,"PG",73,183,15,32,73,15,22,23,37,10,1,22,17,94,"OKC"
"82","Damian Lillard",4236287,"PG",75,195,16,140,336,77,89,73,115,19,5,57,41,402,"POR"
"83","Damien Inglis",855000,"SF",80,246,5,2,8,3,4,8,2,2,0,3,5,8,"MIL"
"84","Damjan Rudez",1149500,"SF",82,228,6,2,4,0,0,4,1,0,0,1,2,5,"MIN"
"85","Danilo Gallinari",1.4e+07,"SF",82,225,15,75,194,100,110,96,38,7,10,22,30,273,"DEN"
"86","Danny Green",1e+07,"SG",78,215,14,41,118,8,11,60,35,8,9,20,21,112,"SAS"
"87","Dante Cunningham",3e+06,"SF",80,230,14,33,66,5,8,55,9,6,4,6,30,78,"NOP"
"88","Darrell Arthur",2814000,"PF",81,235,14,34,87,5,8,55,14,6,10,8,39,77,"DEN"
"89","Darren Collison",5013559,"PG",73,175,10,47,115,23,29,14,42,10,0,19,17,127,"SAC"
"90","Darrun Hilliard",525093,"G",78,205,1,1,7,0,0,3,0,0,0,2,0,2,"DET"
"91","David Lee",15493680,"PF",81,245,14,36,73,25,30,57,22,6,4,19,30,97,"BOS"
"92","David West",1499000,"PF",81,250,14,34,62,8,12,50,28,5,5,20,27,76,"SAS"
"93","DeAndre Jordan",19500000,"C",83,265,14,56,79,41,103,180,17,6,41,18,46,153,"LAC"
"94","DeJuan Blair",2e+06,"C",79,270,5,2,12,1,2,12,3,2,0,6,13,5,"WAS"
"95","Delon Wright",1509360,"PG",77,190,4,0,4,0,0,4,0,0,0,1,1,0,"TOR"
"96","DeMar DeRozan",9500000,"SG",79,220,15,97,236,115,139,67,63,18,3,40,28,313,"TOR"
"97","DeMarcus Cousins",14728844,"PF",83,270,10,90,200,83,108,112,25,8,15,33,37,279,"SAC"
"98","DeMarre Carroll",13500000,"SF",80,212,12,59,148,19,30,59,15,24,3,18,31,160,"TOR"
"99","Dennis Schroder",1763400,"PG",73,172,16,72,176,23,29,41,76,12,0,32,27,186,"ATL"
"100","Deron Williams",5500000,"PG",75,200,14,67,154,44,47,38,76,20,3,30,37,196,"DAL"
"101","Deron Williams",5500000,"PG",75,200,14,67,154,44,47,38,76,20,3,30,37,196,"DAL"
"102","Derrick Favors",11933333,"PF",82,265,13,85,160,35,54,116,20,25,19,22,27,205,"UTA"
"103","Derrick Rose",20093063,"PG",75,190,11,62,166,25,31,34,66,6,3,28,16,153,"CHI"
"104","Derrick Williams",4900000,"PF",80,240,15,30,82,37,51,35,11,9,4,10,11,103,"NYK"
"105","Devin Booker",2127840,"SG",78,206,11,20,39,5,7,13,4,4,3,6,12,53,"PHO"
"106","Devin Harris",4053000,"PG",75,192,14,36,95,24,39,37,33,19,6,14,28,102,"DAL"
"107","Devyn Marble",845059,"SG",78,200,2,0,4,0,0,1,0,1,0,0,1,0,"ORL"
"108","Dewayne Dedmon",947278,"C",85,245,13,23,47,16,23,61,2,8,18,9,37,62,"ORL"
"109","Dion Waiters",5138430,"SG",76,225,15,60,144,30,36,54,29,18,3,26,32,166,"OKC"
"110","Dirk Nowitzki",8333334,"PF",85,245,14,94,180,34,38,93,21,8,8,14,30,248,"DAL"
"111","Donald Sloan",1015421,"PG",75,205,2,0,5,2,2,2,0,2,0,1,1,2,"BRK"
"112","Doug McDermott",2380440,"SF",80,225,13,47,95,7,9,28,9,2,1,8,18,123,"CHI"
"113","Draymond Green",14300000,"PF",79,230,16,74,153,28,35,125,106,19,21,42,50,203,"GSW"
"114","Drew Gooden",3300000,"PF",82,250,6,6,25,2,2,27,3,3,4,3,6,16,"WAS"
"115","Dwight Howard",22359364,"C",83,265,9,50,80,24,44,122,17,5,18,28,32,124,"HOU"
"116","Dwight Powell",845059,"PF",83,240,15,58,109,32,48,108,20,10,12,13,39,148,"DAL"
"117","Dwyane Wade",2e+07,"SG",76,220,12,82,192,51,63,39,56,14,7,25,22,221,"MIA"
"118","E'Twaun Moore",1015421,"SG",76,191,13,29,61,4,6,24,13,6,2,8,15,68,"CHI"
"119","Ed Davis",7e+06,"PF",82,240,16,43,68,22,41,117,19,11,13,18,47,108,"POR"
"120","Elfrid Payton",2505720,"PG",76,185,14,52,152,28,37,58,84,20,4,37,32,139,"ORL"
"121","Elijah Millsap",845059,"SG",78,225,8,2,11,7,10,9,4,1,1,2,11,12,"UTA"
"122","Emmanuel Mudiay",3102240,"PG",77,200,15,69,209,34,49,56,94,17,13,63,33,187,"DEN"
"123","Enes Kanter",16400000,"C",83,245,15,79,135,30,40,127,13,1,6,21,41,189,"OKC"
"124","Eric Bledsoe",13086957,"PG",73,190,13,106,221,66,81,55,75,26,6,47,33,302,"PHO"
"125","Eric Gordon",15514031,"SG",76,215,14,90,224,39,45,37,45,17,3,23,34,259,"NOP"
"126","Eric Moreland",845059,"PF",82,238,3,1,2,0,2,3,0,0,1,0,0,2,"SAC"
"127","Ersan Ilyasova",7900000,"PF",82,235,14,46,108,18,24,50,18,7,6,17,34,132,"DET"
"128","Evan Fournier",2288205,"SF",79,205,14,97,210,34,42,56,39,20,0,26,41,263,"ORL"
"129","Evan Turner",3425510,"SG",79,220,14,53,118,17,21,62,50,14,5,28,23,127,"BOS"
"130","Festus Ezeli",2008748,"C",83,255,16,51,90,27,52,95,19,6,25,15,44,129,"GSW"
"131","Frank Kaminsky",2612500,"C",85,242,13,23,51,5,6,28,13,5,6,4,11,60,"CHO"
"132","Garrett Temple",1100602,"SF",78,195,9,16,41,14,17,20,10,4,0,5,13,53,"WAS"
"133","Gary Harris",1587480,"SG",76,210,15,59,120,14,18,41,28,16,3,21,28,152,"DEN"
"134","Gary Neal",2100000,"SG",76,210,11,39,85,10,10,19,10,6,0,10,11,100,"WAS"
"135","George Hill",8e+06,"PG",75,188,11,51,117,26,35,41,42,17,3,22,28,154,"IND"
"136","Gerald Green",1356000,"SG",79,205,7,17,57,11,13,18,3,0,1,4,17,53,"MIA"
"137","Gerald Henderson",6e+06,"SG",77,215,8,15,46,3,8,16,2,3,1,9,2,37,"POR"
"138","Giannis Antetokounmpo",1953960,"SF",83,222,13,85,164,50,59,86,34,14,14,34,50,228,"MIL"
"139","Glenn Robinson III",845000,"PF",79,222,10,21,41,12,17,18,4,6,2,5,3,60,"IND"
"140","Goran Dragic",14780000,"SG",75,190,13,54,127,22,29,46,60,12,3,29,36,139,"MIA"
"141","Gordon Hayward",15409570,"SF",80,226,13,73,177,54,69,63,38,10,3,29,33,215,"UTA"
"142","Gorgui Dieng",1474440,"C",83,241,14,38,76,19,23,70,5,16,12,20,30,95,"MIN"
"143","Greg Monroe",16400000,"C",83,265,14,95,184,40,55,142,39,18,12,27,33,230,"MIL"
"144","Greivis Vasquez",6600000,"PG",78,217,14,34,102,21,24,34,64,7,0,27,30,100,"MIL"
"145","Harrison Barnes",3873398,"SF",80,210,16,81,163,38,43,78,33,14,3,17,31,221,"GSW"
"146","Hassan Whiteside",981348,"C",85,265,13,79,130,31,58,144,4,10,63,28,28,189,"MIA"
"147","Hollis Thompson",947276,"SG",80,206,15,44,115,14,19,63,23,10,4,26,41,131,"PHI"
"148","Ian Clark",947276,"SG",75,175,12,11,28,7,8,11,13,3,2,6,8,33,"GSW"
"149","Ian Mahinmi",4e+06,"C",83,250,13,41,80,5,24,85,16,14,19,11,39,87,"IND"
"150","Isaiah Canaan",947276,"PG",73,201,15,45,138,33,39,33,26,12,4,21,22,157,"PHI"
"151","Isaiah Thomas",6912869,"PG",69,185,14,95,229,68,80,25,86,22,0,39,27,288,"BOS"
"152","Ish Smith",1100602,"PG",73,175,14,63,154,20,25,56,111,16,6,30,27,154,"NOP"
"153","J.J. Barea",4e+06,"PG",73,185,15,49,121,23,28,33,62,4,1,29,26,130,"DAL"
"154","J.J. Hickson",5613500,"C",81,242,13,43,79,17,36,60,13,6,9,10,24,103,"DEN"
"155","J.J. Redick",6867000,"SG",76,190,11,55,113,26,30,14,17,6,2,15,26,158,"LAC"
"156","J.R. Smith",5e+06,"SG",78,225,11,46,116,3,9,34,23,6,6,14,31,118,"CLE"
"157","Jabari Parker",5152440,"PF",80,250,8,32,62,8,10,25,7,4,3,6,8,72,"MIL"
"158","Jae Crowder",6e+06,"SF",78,235,14,53,126,32,38,67,25,34,5,25,32,154,"BOS"
"159","Jahlil Okafor",4582680,"C",83,275,15,119,248,38,59,120,19,4,25,46,43,276,"PHI"
"160","JaKarr Sampson",845059,"SF",81,214,15,31,63,22,31,42,6,4,1,20,32,86,"PHI"
"161","Jamal Crawford",5675000,"SG",77,195,14,62,161,53,56,27,30,9,1,18,24,194,"LAC"
"162","Jameer Nelson",4500000,"PG",73,190,13,36,106,10,13,30,56,7,0,23,35,94,"DEN"
"163","James Anderson",1015421,"SG",78,213,9,8,29,6,7,7,5,4,1,8,6,28,"SAC"
"164","James Ennis",845059,"F",79,210,2,0,1,0,0,1,0,1,0,0,0,0,"MEM"
"165","James Ennis",845059,"F",79,210,3,0,0,0,0,0,1,0,0,0,1,0,"MIA"
"166","James Harden",15756438,"SG",77,220,14,109,287,138,156,87,90,28,14,67,36,391,"HOU"
"167","James Johnson",2500000,"PF",81,250,11,15,27,8,14,27,11,5,6,15,12,40,"TOR"
"168","James Jones",1499000,"SF",80,218,14,14,37,5,8,13,5,2,2,3,17,45,"CLE"
"169","James Michael McAdoo",845059,"PF",81,230,12,9,16,8,19,14,5,3,0,5,8,26,"GSW"
"170","James Young",1749840,"SG",78,215,2,1,1,0,0,0,0,1,0,0,0,3,"BOS"
"171","JaMychal Green",845059,"PF",81,227,15,38,81,23,28,75,7,8,7,19,40,105,"MEM"
"172","Jared Cunningham",981348,"SG",76,195,12,14,40,13,22,14,10,5,2,8,17,45,"CLE"
"173","Jared Dudley",4250000,"PF",79,225,10,20,41,7,9,37,10,6,3,8,12,57,"WAS"
"174","Jared Sullinger",2269260,"PF",81,260,14,62,137,14,21,120,34,15,10,17,36,149,"BOS"
"175","Jarnell Stokes",845059,"F-C",81,263,2,0,0,0,0,2,0,0,0,0,0,0,"MEM"
"176","Jarrett Jack",6300000,"PG",75,200,13,69,164,42,49,58,92,8,3,36,33,195,"BRK"
"177","Jason Smith",4300000,"C",85,245,9,18,43,8,9,28,4,2,8,6,21,45,"ORL"
"178","Jason Terry",1499187,"SG",74,185,12,21,53,3,3,12,15,5,2,12,24,58,"HOU"
"179","Jason Thompson",6431250,"C",83,250,7,7,15,1,2,14,5,2,2,3,10,15,"GSW"
"180","JaVale McGee",1270964,"C",85,270,1,4,5,0,2,6,0,0,0,2,1,8,"DAL"
"181","JaVale McGee",1.2e+07,"C",85,270,1,4,5,0,2,6,0,0,0,2,1,8,"DAL"
"182","Jeff Green",9200000,"SF",81,235,15,51,128,34,38,60,24,10,6,19,36,146,"MEM"
"183","Jeff Teague",8e+06,"PG",74,186,13,73,177,58,68,33,85,18,7,38,29,217,"ATL"
"184","Jeff Withey",947276,"C",85,231,6,6,10,2,4,13,0,2,5,2,5,14,"UTA"
"185","Jerami Grant",845059,"SF",80,210,15,52,126,41,58,75,17,8,25,19,46,150,"PHI"
"186","Jeremy Evans",1100602,"SF",81,196,12,10,15,5,7,22,1,1,4,5,9,27,"DAL"
"187","Jeremy Lamb",3034356,"SG",77,185,13,67,125,11,16,57,19,7,7,10,20,162,"CHO"
"188","Jeremy Lin",2100000,"PG",75,200,14,54,133,43,53,40,41,13,7,26,25,164,"CHO"
"189","Jerian Grant",1572360,"PG",76,195,15,27,79,33,39,33,43,8,0,18,30,89,"NYK"
"190","Jerryd Bayless",3e+06,"SG",75,200,14,57,130,22,28,38,49,17,3,26,33,165,"MIL"
"191","Jimmy Butler",15260000,"SG",79,220,13,90,196,74,94,68,44,27,9,20,26,274,"CHI"
"192","Joakim Noah",13400000,"C",83,232,12,15,44,5,15,98,39,8,9,23,34,35,"CHI"
"193","Jodie Meeks",6270000,"SG",76,208,2,1,5,0,0,2,0,0,0,1,2,2,"DET"
"194","Joe Harris",845059,"SG",78,219,5,1,4,0,0,3,2,0,0,1,1,3,"CLE"
"195","Joe Ingles",2250000,"SF",80,226,13,18,37,2,2,22,13,6,1,8,14,47,"UTA"
"196","Joe Johnson",24894863,"SF",79,240,14,56,162,29,36,66,61,9,1,20,25,157,"BRK"
"197","Joel Anthony",2500000,"C",81,245,1,0,0,2,2,3,1,1,0,1,0,2,"DET"
"198","Joffrey Lauvergne",1709720,"C",83,220,3,12,18,5,5,19,6,1,1,2,9,32,"DEN"
"199","John Henson",2943221,"C",83,229,10,24,45,12,19,31,8,3,11,11,25,60,"MIL"
"200","John Jenkins",981000,"SG",76,215,5,10,27,3,3,10,5,1,0,4,2,24,"DAL"
"201","John Wall",15851950,"PG",76,195,11,64,151,42,56,37,89,20,14,49,27,184,"WAS"
"202","Johnny O'Bryant",845059,"PF",81,257,14,21,52,14,19,50,12,3,4,5,28,56,"MIL"
"203","Jon Leuer",1035000,"PF",82,228,14,28,70,10,15,67,14,7,3,10,27,78,"PHO"
"204","Jonas Jerebko",5e+06,"PF",82,231,14,16,42,12,12,38,12,2,3,13,24,46,"BOS"
"205","Jonas Valanciunas",4660482,"C",85,255,14,69,124,40,52,130,6,4,10,22,37,178,"TOR"
"206","Jonathon Simmons",525093,"SG",78,195,3,1,2,2,2,3,2,1,0,0,3,4,"SAS"
"207","Jordan Adams",1404600,"SG",77,209,2,2,6,3,5,2,3,3,0,2,2,7,"MEM"
"208","Jordan Clarkson",845059,"SG",77,185,14,83,180,22,29,41,28,12,4,27,23,209,"LAL"
"209","Jordan Hill",4e+06,"PF",82,235,13,49,113,21,30,108,18,13,4,18,28,119,"IND"
"210","Jordan Mickey",1200000,"PF",80,235,2,1,2,3,3,3,1,0,1,0,1,5,"BOS"
"211","Jose Calderon",7402812,"PG",75,200,15,42,93,7,7,33,51,16,0,16,27,109,"NYK"
"212","Joseph Young",1e+06,"PG",74,180,5,2,10,5,6,3,4,2,0,3,2,9,"IND"
"213","Josh McRoberts",5543725,"PF",82,240,13,9,32,8,12,42,23,7,1,11,23,28,"MIA"
"214","Josh Richardson",525093,"SG",78,200,4,3,8,1,2,3,2,1,0,2,7,9,"MIA"
"215","Josh Smith",1499000,"PF",81,225,14,25,70,12,20,59,20,6,19,22,30,69,"LAC"
"216","Josh Smith",5400000,"PF",81,225,14,25,70,12,20,59,20,6,19,22,30,69,"LAC"
"217","Jrue Holiday",10595507,"PG",76,205,10,42,104,22,29,14,49,8,3,25,23,115,"NOP"
"218","Julius Randle",3132240,"PF",81,250,14,59,138,38,55,120,31,9,8,26,40,156,"LAL"
"219","Justin Anderson",1449000,"SG",78,228,11,14,28,3,4,14,2,2,2,6,4,35,"DAL"
"220","Justin Holiday",947300,"SG",78,185,13,19,52,1,2,18,9,8,4,9,13,48,"ATL"
"221","Justise Winslow",2481720,"SF",79,225,13,39,84,13,21,65,19,8,3,22,37,97,"MIA"
"222","K.J. McDaniels",3333333,"SG",78,205,5,3,13,2,4,7,1,1,2,3,3,9,"HOU"
"223","Karl-Anthony Towns",5703600,"C",85,244,14,87,168,39,43,137,14,10,33,30,45,214,"MIN"
"224","Kawhi Leonard",16500000,"SF",79,230,13,113,221,30,36,102,26,24,16,16,31,279,"SAS"
"225","Kelly Olynyk",2165160,"C",85,238,13,36,91,10,13,52,18,16,9,19,32,94,"BOS"
"226","Kelly Oubre",1920240,"SF",79,205,7,11,24,4,9,9,2,0,0,3,11,29,"WAS"
"227","Kemba Walker",1.2e+07,"PG",73,172,14,91,196,52,66,53,73,25,9,25,17,257,"CHO"
"228","Kendrick Perkins",1499200,"C",82,270,3,8,10,0,0,8,2,0,0,0,2,16,"NOP"
"229","Kenneth Faried",11235955,"PF",80,228,13,70,119,22,37,118,14,8,12,20,31,162,"DEN"
"230","Kent Bazemore",2e+06,"SF",77,201,12,54,110,18,20,53,31,20,5,22,27,144,"ATL"
"231","Kentavious Caldwell-Pope",2891760,"SG",77,205,14,72,166,27,32,38,19,19,3,17,27,193,"DET"
"232","Kevin Durant",20158622,"SF",81,240,9,87,166,54,60,64,25,10,11,22,15,252,"OKC"
"233","Kevin Garnett",8500000,"PF",83,240,12,17,35,2,6,64,16,11,2,4,16,36,"MIN"
"234","Kevin Love",19500000,"PF",82,251,14,94,212,49,56,164,36,9,9,35,30,272,"CLE"
"235","Kevin Martin",7085000,"SG",79,199,13,50,137,61,69,35,19,7,0,16,23,170,"MIN"
"236","Kevin Seraphin",2800000,"C",82,278,11,18,43,0,0,19,9,3,6,8,13,36,"NYK"
"237","Khris Middleton",1.5e+07,"SG",80,234,14,63,164,42,48,44,34,17,3,18,44,192,"MIL"
"238","Kirk Hinrich",2870000,"SG",76,190,6,17,31,8,9,6,13,5,0,4,13,48,"CHI"
"239","Klay Thompson",15500000,"SG",79,205,15,89,204,30,36,55,41,8,12,31,33,243,"GSW"
"240","Kobe Bryant",2.5e+07,"SF",78,212,11,56,180,40,48,47,39,12,1,25,26,167,"LAL"
"241","Kosta Koufos",7500000,"PF",85,265,15,56,104,10,18,96,5,11,15,11,50,122,"SAC"
"242","Kostas Papanikolaou",800321,"SF",80,225,11,9,17,1,2,12,2,3,1,4,5,21,"DEN"
"243","Kris Humphries",4600000,"PF",81,235,11,28,68,12,12,50,7,1,6,9,16,82,"WAS"
"244","Kristaps Porzingis",4131720,"PF",87,240,15,74,175,42,50,137,12,11,23,25,47,205,"NYK"
"245","Kyle Anderson",1142879,"SF",81,230,14,14,38,5,10,29,11,7,7,4,9,35,"SAS"
"246","Kyle Korver",5746479,"SG",79,212,14,58,112,8,10,55,31,9,3,19,32,150,"ATL"
"247","Kyle Lowry",1.2e+07,"PG",73,205,15,88,220,86,96,69,97,40,8,48,49,302,"TOR"
"248","Kyle O'Quinn",3750000,"PF",82,250,13,26,57,9,12,55,14,5,14,14,27,61,"NYK"
"249","Kyle Singler",5e+06,"SF",80,228,14,11,47,5,9,24,0,8,3,11,31,33,"OKC"
"250","Lamar Patterson",525093,"SG",77,225,10,10,27,9,13,22,17,4,0,6,19,36,"ATL"
"251","LaMarcus Aldridge",19500000,"PF",83,240,12,70,163,43,50,119,22,2,11,19,28,183,"SAS"
"252","Lance Stephenson",9e+06,"SF",77,230,13,24,62,8,13,32,20,7,2,17,22,62,"LAC"
"253","Lance Thomas",1650000,"SF",80,235,15,34,78,17,20,25,8,3,0,11,23,93,"NYK"
"254","Langston Galloway",845059,"PG",74,200,15,51,115,24,32,61,31,18,2,9,36,152,"NYK"
"255","Larry Nance Jr.",1155600,"PF",81,230,9,20,38,4,6,33,6,2,0,4,14,45,"LAL"
"256","Lavoy Allen",3700000,"PF",81,255,13,26,67,5,11,71,20,5,7,13,27,57,"IND"
"257","Leandro Barbosa",2500000,"SG",75,194,13,33,80,4,7,19,24,14,2,11,21,79,"GSW"
"258","LeBron James",22971000,"SF",80,250,14,140,271,64,102,100,94,21,9,46,28,361,"CLE"
"259","Lou Amundson",1650000,"PF",81,220,7,7,14,5,10,15,3,2,3,2,17,19,"NYK"
"260","Lou Williams",7e+06,"SG",73,175,14,46,132,67,81,33,34,10,3,21,29,172,"LAL"
"261","Luc Mbah a Moute",1270964,"PF",80,230,11,5,12,2,2,12,1,3,1,1,9,13,"LAC"
"262","Lucas Nogueira",1842000,"C",85,220,2,1,1,1,1,0,0,1,1,0,0,3,"TOR"
"263","Luis Montero",525093,"SG",79,185,2,1,2,0,0,1,0,0,0,1,0,3,"POR"
"264","Luis Scola",3e+06,"PF",81,240,15,67,140,9,13,93,14,10,4,16,37,154,"TOR"
"265","Luke Babbitt",1100000,"SF",81,225,11,23,57,6,9,46,10,1,3,5,30,65,"NOP"
"266","Luol Deng",10151612,"SF",81,220,13,51,114,16,26,50,18,12,6,10,20,134,"MIA"
"267","Manu Ginobili",2814000,"SG",78,205,11,50,101,10,13,38,37,14,2,17,12,128,"SAS"
"268","Marc Gasol",19700000,"C",85,255,15,82,181,69,79,103,65,9,11,34,44,235,"MEM"
"269","Marcelo Huertas",525093,"PG",75,185,8,13,28,0,0,15,23,3,1,13,13,30,"LAL"
"270","Marcin Gortat",11217391,"C",83,240,11,45,94,32,42,87,20,6,11,23,23,122,"WAS"
"271","Marco Belinelli",6333333,"SG",77,210,15,57,153,46,53,23,39,10,0,23,31,188,"SAC"
"272","Marcus Morris",5e+06,"SF",81,235,14,70,183,45,59,91,28,19,5,24,32,198,"DET"
"273","Marcus Smart",3431040,"PG",76,220,9,28,84,22,32,34,29,16,3,15,28,88,"BOS"
"274","Marcus Thornton",1186000,"SG",76,205,12,57,143,0,0,42,21,13,1,7,21,138,"HOU"
"275","Mario Chalmers",4300000,"PG",74,190,6,10,32,12,13,14,19,8,1,9,16,33,"MIA"
"276","Mario Chalmers",4300000,"PG",74,190,6,20,49,39,45,10,16,12,1,7,16,86,"MEM"
"277","Mario Hezonja",3741480,"SF",80,215,14,23,62,8,9,25,10,3,1,19,19,65,"ORL"
"278","Markel Brown",845059,"SG",75,190,7,8,29,4,6,4,8,3,1,4,10,23,"BRK"
"279","Markieff Morris",8e+06,"PF",82,245,12,67,163,20,28,66,20,11,6,27,35,164,"PHO"
"280","Marreese Speights",3815000,"PF",82,255,13,22,68,16,21,47,6,3,6,15,24,61,"GSW"
"281","Marvin Williams",7e+06,"PF",81,237,14,51,112,16,19,99,20,10,17,13,26,140,"CHO"
"282","Mason Plumlee",1415520,"C",83,245,16,64,113,38,69,138,40,18,19,29,51,166,"POR"
"283","Matt Barnes",3542500,"SF",79,226,15,36,107,16,19,55,16,19,9,11,48,104,"MEM"
"284","Matt Bonner",1499190,"C",82,235,3,0,0,1,2,1,0,0,0,0,0,1,"SAS"
"285","Matthew Dellavedova",1147280,"SG",76,198,14,42,95,11,13,32,83,11,0,19,31,110,"CLE"
"286","Maurice Harkless",2894059,"SF",81,215,16,37,82,13,20,58,16,7,7,18,21,97,"POR"
"287","Metta World Peace",1499187,"SF",78,260,10,18,47,8,13,22,10,7,5,4,16,55,"LAL"
"288","Meyers Leonard",3075880,"PF",85,245,9,30,68,8,9,40,15,2,5,8,28,76,"POR"
"289","Michael Carter-Williams",2399040,"PG",78,190,9,41,90,21,30,31,47,12,7,31,27,108,"MIL"
"290","Mike Conley",9388426,"PG",73,175,15,80,194,47,55,43,98,20,1,24,30,230,"MEM"
"291","Mike Miller",1499187,"SF",80,218,10,7,13,0,0,8,2,3,0,1,6,21,"DEN"
"292","Mike Miller",2854940,"SF",80,218,10,7,13,0,0,8,2,3,0,1,6,21,"DEN"
"293","Mike Muscala",947276,"PF",83,240,10,10,21,9,11,13,6,3,5,4,8,34,"ATL"
"294","Mike Scott",3333333,"PF",80,237,14,25,53,11,12,25,15,2,1,8,15,66,"ATL"
"295","Miles Plumlee",2109294,"C",83,249,12,11,21,2,2,19,3,1,6,8,13,24,"MIL"
"296","Mirza Teletovic",5500000,"PF",81,242,14,29,77,2,3,39,16,6,4,7,12,83,"PHO"
"297","Mitch McGary",1463040,"PF",82,255,6,3,6,3,6,9,2,0,1,5,5,9,"OKC"
"298","Mo Williams",2100000,"PG",73,198,11,63,132,25,28,38,58,7,1,24,23,171,"CLE"
"299","Monta Ellis",10300000,"SG",75,185,14,72,173,22,32,49,74,24,7,41,34,175,"IND"
"300","Montrezl Harrell",1e+06,"PF",80,240,13,21,30,10,19,24,2,3,5,8,18,52,"HOU"
"301","Myles Turner",2357760,"C",83,243,8,21,38,7,10,23,1,3,7,6,16,49,"IND"
"302","Nemanja Bjelica",4e+06,"PF",82,240,12,30,69,11,19,72,26,6,5,11,42,87,"MIN"
"303","Nene Hilario",1.3e+07,"PF",83,250,10,33,55,19,34,55,22,7,1,10,32,85,"WAS"
"304","Nerlens Noel",3457800,"PF",83,228,13,57,135,25,40,110,16,20,13,40,36,139,"PHI"
"305","Nick Collison",3750000,"PF",82,255,12,16,32,6,6,42,14,7,6,14,29,38,"OKC"
"306","Nick Young",5219169,"SG",79,210,14,44,107,16,16,26,9,9,3,10,14,130,"LAL"
"307","Nicolas Batum",12235750,"SG",80,200,14,77,174,51,57,86,57,14,8,42,24,237,"CHO"
"308","Nik Stauskas",2869440,"SG",78,205,14,44,133,17,22,36,29,8,4,18,17,129,"PHI"
"309","Nikola Jokic",1300000,"C",82,250,14,43,81,23,31,72,12,13,6,12,24,110,"DEN"
"310","Nikola Mirotic",5543725,"PF",82,220,13,48,129,37,45,85,19,12,3,29,30,156,"CHI"
"311","Nikola Vucevic",11250000,"C",85,260,11,74,147,15,19,90,24,8,15,16,26,163,"ORL"
"312","Noah Vonleh",2637720,"PF",82,240,16,17,49,9,12,50,5,1,6,13,31,45,"POR"
"313","Norman Powell",650000,"SG",76,215,8,5,22,0,0,9,1,3,0,3,5,10,"TOR"
"314","O.J. Mayo",8e+06,"G",77,210,3,7,13,0,0,6,4,4,0,2,8,19,"MIL"
"315","Omer Asik",1.1e+07,"C",85,255,7,1,6,9,14,33,0,2,3,8,12,11,"NOP"
"316","Omri Casspi",3e+06,"SF",81,225,15,62,123,14,26,91,19,14,2,28,35,156,"SAC"
"317","Otto Porter",4662960,"SF",80,198,11,55,111,25,29,52,27,20,4,13,29,146,"WAS"
"318","P.J. Hairston",1201440,"SF",78,230,11,18,53,8,9,27,7,2,3,4,22,53,"CHO"
"319","P.J. Tucker",5500000,"SF",78,245,14,33,82,17,22,68,16,15,1,12,30,94,"PHO"
"320","Pablo Prigioni",981348,"PG",75,185,5,2,16,0,0,5,6,5,0,4,5,6,"LAC"
"321","Pat Connaughton",525093,"SG",77,206,4,1,4,2,2,1,0,0,0,1,0,5,"POR"
"322","Patrick Beverley",6500000,"PG",73,185,7,13,38,0,0,22,8,5,1,10,21,33,"HOU"
"323","Patrick Mills",3578947,"PG",73,185,14,47,104,1,2,27,34,18,2,17,16,118,"SAS"
"324","Patrick Patterson",6268675,"PF",81,235,15,32,85,2,2,55,14,10,3,17,18,83,"TOR"
"325","Pau Gasol",7448760,"C",85,250,13,75,169,28,36,130,27,10,25,17,22,178,"CHI"
"326","Paul George",17120106,"PF",81,220,14,120,262,81,96,118,67,23,2,50,38,363,"IND"
"327","Paul Millsap",1.9e+07,"PF",80,246,16,102,209,71,91,149,58,33,18,42,44,293,"ATL"
"328","Paul Pierce",3400000,"SF",79,235,13,21,64,15,18,47,18,8,0,10,21,68,"LAC"
"329","Phil Pressey",902698,"PG",71,175,9,15,33,5,9,13,31,5,0,11,7,39,"PHI"
"330","Quincy Acy",981348,"PF",79,240,7,4,7,2,4,10,5,2,2,3,6,11,"SAC"
"331","R.J. Hunter",1148640,"SG",77,185,9,14,31,0,0,14,3,6,1,5,14,34,"BOS"
"332","Rajon Rondo",9500000,"PG",73,186,15,85,190,8,22,114,162,32,1,60,36,191,"SAC"
"333","Ramon Sessions",2170465,"PG",75,190,11,29,62,35,47,23,34,13,1,15,19,100,"WAS"
"334","Randy Foye",3270000,"SG",76,213,15,25,87,7,9,22,22,6,2,14,19,67,"DEN"
"335","Rashad Vaughn",1733040,"SG",78,202,9,11,25,2,2,6,1,1,2,5,3,30,"MIL"
"336","Rasual Butler",1499187,"SF",79,215,13,13,33,3,4,17,10,6,7,4,1,33,"SAS"
"337","Raul Neto",1e+06,"PG",73,179,13,21,62,3,5,16,29,13,1,14,22,54,"UTA"
"338","Ray McCallum",947276,"PG",75,190,9,5,9,0,0,6,1,2,0,3,3,10,"SAS"
"339","Raymond Felton",3950313,"PG",73,205,15,48,119,23,26,37,33,9,1,22,33,129,"DAL"
"340","Reggie Bullock",1252440,"SF",79,205,9,1,17,1,1,6,1,1,0,2,4,4,"DET"
"341","Reggie Jackson",1.4e+07,"PG",75,208,14,100,234,53,63,59,83,14,2,54,24,272,"DET"
"342","Richard Jefferson",1499000,"SF",79,233,14,39,84,12,19,19,15,8,3,15,35,105,"CLE"
"343","Richaun Holmes",1050000,"PF",82,245,7,13,26,9,15,16,4,1,6,3,11,36,"PHI"
"344","Ricky Rubio",12365000,"PG",76,194,10,35,96,40,47,49,87,18,1,23,33,113,"MIN"
"345","Robert Covington",1e+06,"SF",81,215,6,20,62,21,24,27,7,11,4,19,22,67,"PHI"
"346","Robert Sacre",981348,"C",85,270,1,1,3,0,0,2,0,0,0,1,0,2,"LAL"
"347","Robin Lopez",1.3e+07,"C",85,255,15,50,111,23,26,93,28,5,17,32,40,123,"NYK"
"348","Rodney Hood",1348440,"SG",80,206,12,58,135,23,27,27,35,16,4,22,42,155,"UTA"
"349","Rodney Stuckey",6500000,"PG",77,205,9,34,78,13,18,26,23,7,3,13,11,83,"IND"
"350","Rondae Hollis-Jefferson",1335480,"SF",79,220,14,28,57,13,23,79,23,22,6,19,28,70,"BRK"
"351","Ronnie Price",1499187,"PG",74,190,12,16,37,6,7,10,18,11,2,10,21,48,"PHO"
"352","Roy Hibbert",15500000,"C",86,270,14,35,74,50,57,95,23,5,32,23,44,120,"LAL"
"353","Rudy Gay",12403101,"SF",80,230,13,98,213,29,37,91,32,15,2,28,37,237,"SAC"
"354","Rudy Gobert",1175880,"C",85,245,11,36,67,25,40,116,19,9,30,28,33,97,"UTA"
"355","Russ Smith",845059,"PG",73,165,8,4,14,6,9,4,2,2,0,4,3,15,"MEM"
"356","Russell Westbrook",16744218,"PG",75,200,15,145,311,105,127,113,152,36,6,75,35,422,"OKC"
"357","Ryan Anderson",8500000,"PF",82,240,14,102,212,33,39,98,15,7,6,24,20,270,"NOP"
"358","Ryan Kelly",1724250,"PF",83,230,6,8,22,4,6,21,6,3,5,4,5,21,"LAL"
"359","Salah Mejri",525093,"C",85,245,4,0,1,0,0,5,0,1,2,1,1,0,"DAL"
"360","Sam Dekker",1646400,"SF",81,230,3,0,0,0,0,1,0,1,0,0,0,0,"HOU"
"361","Sasha Kaun",1300000,"C",83,260,4,0,0,0,0,2,1,1,1,1,4,0,"CLE"
"362","Sasha Vujacic",1356146,"SG",79,195,12,18,63,2,3,36,18,8,1,11,14,43,"NYK"
"363","Serge Ibaka",12250000,"PF",82,245,15,87,189,12,20,112,17,5,37,23,44,194,"OKC"
"364","Sergey Karasev",1599840,"SF",79,208,5,2,6,4,4,4,1,1,0,2,3,9,"BRK"
"365","Seth Curry",947276,"PG",74,185,6,8,13,0,0,1,6,0,0,0,1,20,"SAC"
"366","Shabazz Muhammad",2056920,"SG",78,223,14,42,85,21,27,34,5,1,1,13,21,109,"MIN"
"367","Shabazz Napier",1294440,"PG",73,175,13,24,59,10,14,14,27,7,1,14,12,68,"ORL"
"368","Shane Larkin",1500000,"PG",71,175,14,40,82,6,9,29,42,18,2,22,21,97,"BRK"
"369","Shaun Livingston",5543725,"PG",79,182,14,30,60,8,9,27,31,7,3,13,27,68,"GSW"
"370","Shayne Whittington",845059,"PF",83,250,1,0,0,0,0,0,0,0,0,2,1,0,"IND"
"371","Shelvin Mack",2433333,"PG",75,203,7,11,28,3,3,9,12,5,0,5,3,27,"ATL"
"372","Solomon Hill",1358880,"SF",79,225,5,5,11,0,0,6,1,1,0,3,1,11,"IND"
"373","Sonny Weems",2800000,"SG",78,205,9,3,12,3,5,14,9,3,0,10,4,9,"PHO"
"374","Spencer Dinwiddie",845059,"PG",78,200,6,13,33,11,19,8,12,2,0,5,16,38,"DET"
"375","Spencer Hawes",5543725,"PF",85,245,14,27,71,9,13,48,30,4,4,14,31,70,"CHO"
"376","Stanley Johnson",2841960,"SF",79,245,14,45,117,15,22,50,17,9,0,18,31,113,"DET"
"377","Stephen Curry",11370786,"PG",75,185,16,173,338,90,96,82,95,41,3,58,27,514,"GSW"
"378","Steve Blake",2170465,"PG",75,172,10,12,41,0,0,13,30,5,1,15,7,30,"DET"
"379","Steve Novak",3750000,"PF",82,225,1,1,1,0,0,1,0,0,0,0,0,3,"OKC"
"380","Steven Adams",2279040,"C",85,255,15,36,62,20,33,78,14,5,26,14,48,92,"OKC"
"381","T.J. McConnell",525093,"PG",74,200,15,48,100,0,0,74,98,20,6,42,32,103,"PHI"
"382","T.J. Warren",2041080,"SF",80,230,13,60,120,15,20,42,8,7,2,12,22,142,"PHO"
"383","Taj Gibson",8500000,"PF",81,225,13,35,70,17,28,69,17,5,14,14,34,87,"CHI"
"384","Tarik Black",845059,"C",81,250,8,12,23,6,12,35,1,1,2,5,21,30,"LAL"
"385","Tayshaun Prince",1499187,"SF",81,212,14,18,40,4,9,33,11,5,2,6,13,41,"MIN"
"386","Terrence Jones",2489530,"PF",81,252,9,45,95,19,34,50,11,5,10,10,22,116,"HOU"
"387","Terrence Ross",3553917,"SF",79,195,9,19,53,5,5,14,5,6,1,6,19,52,"TOR"
"388","Terry Rozier",1824360,"PG",74,190,8,7,30,0,0,8,7,0,0,4,5,16,"BOS"
"389","Thabo Sefolosha",4e+06,"SF",79,220,13,40,74,10,17,64,18,22,9,13,15,98,"ATL"
"390","Thaddeus Young",11200000,"PF",80,221,14,98,186,17,27,118,20,21,7,22,37,214,"BRK"
"391","Thomas Robinson",981300,"PF",82,237,14,22,41,7,15,63,3,5,8,14,16,51,"BRK"
"392","Tiago Splitter",8500000,"C",83,245,14,32,66,14,17,51,10,7,4,12,28,78,"ATL"
"393","Tibor Pleiss",3e+06,"C",87,256,4,2,4,0,0,1,0,0,1,1,4,4,"UTA"
"394","Tim Duncan",5e+06,"C",83,250,14,57,107,34,44,114,40,13,24,28,39,148,"SAS"
"395","Tim Frazier",845059,"PG",73,170,8,1,3,0,0,3,5,2,0,2,4,2,"POR"
"396","Tim Hardaway",1304520,"G",78,205,1,1,3,0,0,0,1,0,0,0,1,3,"ATL"
"397","Timofey Mozgov",4950000,"C",85,275,12,33,64,28,36,55,6,3,13,14,25,95,"CLE"
"398","Tobias Harris",1.6e+07,"PF",81,235,14,78,169,36,46,110,31,11,9,27,32,203,"ORL"
"399","Toney Douglas",1164858,"PG",74,195,12,32,75,14,15,18,25,12,0,15,25,89,"NOP"
"400","Toney Douglas",6e+05,"PG",74,195,12,32,75,14,15,18,25,12,0,15,25,89,"NOP"
"401","Tony Allen",5168539,"SF",76,213,15,40,94,13,22,60,15,25,4,13,44,97,"MEM"
"402","Tony Parker",13437500,"PG",74,185,14,76,137,35,43,25,63,13,1,28,27,189,"SAS"
"403","Tony Snell",1535880,"SF",79,200,13,26,80,9,10,39,14,3,5,13,25,78,"CHI"
"404","Trevor Ariza",8193030,"SF",80,215,14,57,158,28,37,77,27,27,4,24,40,172,"HOU"
"405","Trevor Booker",4775000,"PF",80,228,12,19,65,2,2,63,10,10,6,10,32,41,"UTA"
"406","Trey Burke",2658240,"PG",73,191,13,58,129,15,20,32,30,12,0,20,21,151,"UTA"
"407","Trey Lyles",2239800,"PF",82,234,11,8,27,2,4,24,3,1,1,5,12,19,"UTA"
"408","Tristan Thompson",14260870,"PF",81,238,14,45,75,19,34,141,13,6,10,11,34,109,"CLE"
"409","Troy Daniels",947276,"SG",76,205,5,2,6,1,2,3,1,0,0,1,1,7,"CHO"
"410","Ty Lawson",12404495,"PG",71,195,14,36,114,27,40,41,69,17,3,35,24,108,"HOU"
"411","Tyler Ennis",1662360,"PG",75,194,6,11,24,5,6,9,9,2,0,7,9,29,"MIL"
"412","Tyler Hansbrough",1185784,"PF",81,250,4,3,8,4,4,4,1,1,0,1,2,11,"CHO"
"413","Tyler Johnson",845059,"SG",76,186,12,39,73,18,24,32,21,8,6,13,19,106,"MIA"
"414","Tyler Zeller",2616975,"C",85,253,10,19,35,12,15,17,6,1,1,5,11,50,"BOS"
"415","Tyson Chandler",1.3e+07,"C",85,240,14,26,56,23,34,130,6,12,10,18,34,75,"PHO"
"416","Tyus Jones",1282080,"PG",74,195,2,0,5,1,2,1,1,1,0,0,1,1,"MIN"
"417","Udonis Haslem",2854940,"PF",80,235,3,3,5,0,0,6,1,1,0,1,2,6,"MIA"
"418","Victor Oladipo",5192520,"SG",76,210,12,61,165,18,24,74,43,16,8,18,25,154,"ORL"
"419","Vince Carter",4088091,"SG",78,220,4,7,20,2,3,10,0,3,2,4,9,19,"MEM"
"420","Walter Tavares",1e+06,"C",87,260,3,0,0,1,2,2,1,0,0,1,1,1,"ATL"
"421","Wayne Ellington",1500000,"SG",76,200,13,18,55,2,2,16,9,9,1,1,11,45,"BRK"
"422","Wayne Ellington",923780,"SG",76,200,13,18,55,2,2,16,9,9,1,1,11,45,"BRK"
"423","Wesley Johnson",1100600,"SF",79,215,14,31,57,4,6,25,5,7,5,4,24,79,"LAC"
"424","Wesley Matthews",16400000,"SG",77,220,13,45,129,29,33,32,22,9,1,13,29,145,"DAL"
"425","Will Barton",1450000,"SG",78,175,15,74,155,38,43,73,28,18,9,15,20,203,"DEN"
"426","Willie Cauley-Stein",3398280,"C",85,240,15,30,48,11,21,81,5,11,15,12,36,71,"SAC"
"427","Zach LaVine",2148360,"PG",77,189,14,71,160,33,37,47,48,9,1,34,30,193,"MIN"
"428","Zach Randolph",9638555,"PF",81,260,12,72,153,30,35,104,21,10,1,27,25,174,"MEM"
"429","Zaza Pachulia",5200000,"C",83,270,15,47,101,69,88,150,35,13,9,29,41,163,"DAL"
